{
  "optimal_weights": {
    "MA_Cross": 0.0384148421739768,
    "MACD": 0.04789863976533722,
    "RSI": 0.3503894345418307,
    "Bollinger": 0.3715148942037567,
    "Momentum": 0.03692314703381079,
    "Volume": 0.1548590422812878
  },
  "train": {
    "win_rate": 0.49545463172078724,
    "total_trades": 52691,
    "iterations": 593,
    "converged": true,
    "regime_stats": {
      "bull": {
        "win": 697,
        "total": 1942
      },
      "bear": {
        "win": 19002,
        "total": 35339
      },
      "sideways": {
        "win": 6407,
        "total": 15410
      }
    }
  },
  "validation": {
    "win_rate": 0.5569620253164557,
    "total_trades": 79,
    "regime_stats": {
      "bull": {
        "win": 1,
        "total": 2
      },
      "bear": {
        "win": 30,
        "total": 47
      },
      "sideways": {
        "win": 13,
        "total": 30
      }
    }
  },
  "test": {
    "win_rate": 0.5,
    "total_trades": 28,
    "regime_stats": {
      "bull": {
        "win": 2,
        "total": 13
      },
      "bear": {
        "win": 4,
        "total": 5
      },
      "sideways": {
        "win": 8,
        "total": 10
      }
    }
  },
  "investment_simulation": {
    "MA 전략": {
      "final_capital": 73254829,
      "total_profit": 68254829,
      "total_return_pct": 1365.1,
      "win_rate": 48.75,
      "mdd": 14.36,
      "max_consecutive_losses": 8,
      "total_trades": 279,
      "monthly_balance": {
        "2022-07": 5000876.647822447,
        "2022-08": 5271668.254383948,
        "2022-09": 5690652.760124183,
        "2022-10": 5815811.009335139,
        "2022-11": 6406601.722117764,
        "2022-12": 6652807.517432647,
        "2023-01": 7361886.015005028,
        "2023-02": 7253383.813128272,
        "2023-03": 8383134.179427422,
        "2023-04": 8679086.235077888,
        "2023-05": 8321916.206313268,
        "2023-06": 8526251.404275948,
        "2023-07": 8087532.279014033,
        "2023-08": 8021249.743226777,
        "2023-09": 7655703.684691421,
        "2023-10": 8038180.189972335,
        "2023-11": 8368806.556243163,
        "2023-12": 8850059.288114913,
        "2024-01": 9938402.273027387,
        "2024-02": 11102677.870051933,
        "2024-03": 11559683.477256393,
        "2024-04": 11331462.723692046,
        "2024-05": 11872701.469653599,
        "2024-06": 11965857.819233475,
        "2024-07": 11484433.687088434,
        "2024-08": 12314720.053790206,
        "2024-09": 12947871.552731564,
        "2024-10": 13907913.532561796,
        "2024-11": 13261133.64632508,
        "2024-12": 14279537.645858778,
        "2025-01": 14998842.61721695,
        "2025-02": 14342163.102036614,
        "2025-03": 14021511.523235263,
        "2025-04": 15241128.490738375,
        "2025-05": 15751093.191476038,
        "2025-06": 16556835.03734951,
        "2025-07": 16762047.848113138,
        "2025-08": 17702694.571068406,
        "2025-09": 18603103.847178217,
        "2025-10": 24199005.012731723,
        "2025-11": 26272779.444881387,
        "2025-12": 32965015.989900485,
        "2026-01": 50502243.94957781,
        "2026-02": 72368474.20557067,
        "2026-03": 73254828.98697513
      }
    },
    "RSI 전략": {
      "final_capital": 50218334,
      "total_profit": 45218334,
      "total_return_pct": 904.37,
      "win_rate": 47.08,
      "mdd": 9.89,
      "max_consecutive_losses": 9,
      "total_trades": 240,
      "monthly_balance": {
        "2022-07": 5200744.863577288,
        "2022-08": 5060555.830571919,
        "2022-09": 4802494.003364275,
        "2022-10": 5341564.6927889185,
        "2022-11": 5818160.539976785,
        "2022-12": 5407630.6774123525,
        "2023-01": 5828653.018395422,
        "2023-02": 5927328.086956783,
        "2023-03": 6140999.474958137,
        "2023-04": 7186220.163466395,
        "2023-05": 7804047.152757004,
        "2023-06": 7595101.780641849,
        "2023-07": 7709548.667720615,
        "2023-08": 7662239.36166534,
        "2023-09": 7914090.093078841,
        "2023-10": 7848054.47651904,
        "2023-11": 8758696.116084909,
        "2023-12": 10402347.154928576,
        "2024-01": 11266363.457573967,
        "2024-02": 11362640.22708255,
        "2024-03": 11689195.73862136,
        "2024-04": 12644663.978094993,
        "2024-05": 12033670.564589094,
        "2024-06": 11799310.7624391,
        "2024-07": 11696826.139789516,
        "2024-08": 13645483.884321088,
        "2024-09": 14016982.876502566,
        "2024-10": 13531942.066801708,
        "2024-11": 14614304.660232788,
        "2024-12": 16506453.578355588,
        "2025-01": 17361583.874242302,
        "2025-02": 16755359.608380873,
        "2025-03": 17082179.422995273,
        "2025-04": 17821330.888642818,
        "2025-05": 20868629.975192193,
        "2025-06": 23008907.456777073,
        "2025-07": 24823490.89468062,
        "2025-08": 24958841.837777212,
        "2025-09": 23520717.589329854,
        "2025-10": 25513052.839256972,
        "2025-11": 27828071.46484266,
        "2025-12": 32231168.31313496,
        "2026-01": 35012282.450730935,
        "2026-02": 39437516.29780875,
        "2026-03": 50218333.93419367
      }
    },
    "볼린저밴드 전략": {
      "final_capital": 21996957,
      "total_profit": 16996957,
      "total_return_pct": 339.94,
      "win_rate": 49.19,
      "mdd": 9.31,
      "max_consecutive_losses": 4,
      "total_trades": 185,
      "monthly_balance": {
        "2022-07": 5126704.75409836,
        "2022-08": 6318247.563922051,
        "2022-09": 6063401.966734389,
        "2022-10": 6198351.245501917,
        "2022-11": 6621166.05617023,
        "2022-12": 6538736.188085004,
        "2023-01": 6647737.085044063,
        "2023-02": 6605876.844344379,
        "2023-03": 6536138.573330495,
        "2023-04": 6717243.111426613,
        "2023-05": 6800112.120752576,
        "2023-06": 6692999.424225269,
        "2023-07": 6549823.941780836,
        "2023-08": 6499622.205426599,
        "2023-09": 6775107.358702993,
        "2023-10": 7137640.372102393,
        "2023-11": 7044851.047265062,
        "2023-12": 7876380.950624136,
        "2024-01": 8054958.1620867625,
        "2024-02": 7835650.328582314,
        "2024-03": 8135755.548189355,
        "2024-04": 8768520.658060374,
        "2024-05": 9128523.438957572,
        "2024-06": 10528514.378095035,
        "2024-07": 10292181.392308759,
        "2024-08": 10733404.795043733,
        "2024-09": 11145385.465454776,
        "2024-10": 11422748.754553847,
        "2024-11": 11021053.428708462,
        "2024-12": 11183086.703781364,
        "2025-01": 11902234.728348609,
        "2025-02": 13503993.615829468,
        "2025-03": 13927146.972453544,
        "2025-04": 14322971.33147971,
        "2025-05": 16304050.95852146,
        "2025-06": 17252912.506002937,
        "2025-07": 16956805.161668412,
        "2025-08": 18223873.152238924,
        "2025-09": 17984997.918946274,
        "2025-10": 18721132.357299022,
        "2025-11": 19811237.121329963,
        "2025-12": 22869382.48379508,
        "2026-01": 22876049.714312747,
        "2026-02": 22286684.34317093,
        "2026-03": 21996957.446709707
      }
    },
    "MACD 전략": {
      "final_capital": 56094705,
      "total_profit": 51094705,
      "total_return_pct": 1021.89,
      "win_rate": 46.79,
      "mdd": 10.0,
      "max_consecutive_losses": 6,
      "total_trades": 280,
      "monthly_balance": {
        "2022-07": 5282314.66892898,
        "2022-08": 5549436.10677546,
        "2022-09": 5437893.571101539,
        "2022-10": 6023218.440133318,
        "2022-11": 6515074.8236632915,
        "2022-12": 6653386.427333618,
        "2023-01": 6568803.745975273,
        "2023-02": 7307271.086861356,
        "2023-03": 8084904.761347395,
        "2023-04": 8150704.266950229,
        "2023-05": 8268384.290740761,
        "2023-06": 9620729.183283046,
        "2023-07": 10181408.275473177,
        "2023-08": 10015339.666933248,